s_sat,T_sat,p_sat,h_sat,d_sat
-751.9338022247342,266.94558763980655,1000.0,-271092.3615848464,820.7126292000787
-582.2951467277948,294.1348797800814,4751.895991983967,-223516.0625838894,798.8095664984677
-510.05391140681513,306.08771177269455,8503.791983967934,-201832.64345202007,788.1895723466325
-461.6794143678629,314.21013780822454,12255.687975951903,-186825.23067915026,780.587211049772
-424.70540017157,320.48037339528946,16007.58396793587,-175087.26988811305,774.4906712998114
-394.5131794918681,325.6393480654019,19759.479959919838,-165328.79238380637,769.3181903609791
-368.8537530217848,330.05062342223977,23511.375951903807,-156911.8037840168,764.7786479096928
-346.45295238135446,333.92143038929686,27263.271943887772,-149470.3118741557,760.7034298081082
-326.5173390558802,337.38144749018574,31015.16793587174,-142774.1053196579,756.985667953727
-308.5160612264813,340.51781722768544,34767.06392785571,-136667.74817223757,753.5526810830357
-292.07659567393,343.3919172591243,38518.959919839675,-131041.3268085559,750.3527723913364
-276.9262855485565,346.0488257109887,42270.855911823644,-125813.80879309641,747.3476049630752
-262.85980732832644,348.5225887792414,46022.75190380761,-120923.79620735375,744.5079939292099
-249.7182451498813,350.8396308327103,49774.64789579158,-116323.48852586432,741.8111108186255
-237.3760060431534,353.02088835091547,53526.543887775544,-111974.9054896491,739.2387397907746
-225.73202737878532,355.0832481481882,57278.43987975951,-107847.33269772516,736.7760915126139
-214.70356808398424,357.0405674073168,61030.33587174348,-103915.49916058309,734.4109462577123
-204.22238458556936,358.90429593490336,64782.23186372745,-100158.48508386871,732.1331649850156
-194.23106149281355,360.684087482791,68534.12785571141,-96558.60658195315,729.9341396091869
-184.68103414054895,362.3881220152107,72286.02384769538,-93100.85006156653,727.806541223098
-175.53080174214864,364.0234017030304,76037.91983967935,-89772.33846281146,725.7440654231318
-166.74459761178127,365.5959711653283,79789.81583166332,-86561.93460732368,723.7412439758381
-158.29137177559102,367.1110860719169,83541.71182364729,-83459.93755744486,721.793300972615
-150.1439863684137,368.573346755742,87293.60781563126,-80457.84136019881,719.8960379530339
-142.27857739349503,369.98680434153994,91045.50380761523,-77548.14314575914,718.0457423554293
-134.67404235836196,371.3550460616801,94797.3997995992,-74724.1886216131,716.2391136358923
-127.31162501113799,372.6812644953593,98549.29579158316,-71980.04649555178,714.473203085991
-120.17457581462997,373.96831425185417,102301.19178356712,-69310.40552446726,712.7453643876839
-113.24787209877317,375.21875874788645,106053.08777555109,-66710.48943805728,711.0532126684434
-106.51798567938808,376.43490909673994,109804.98376753506,-64175.98611547015,709.3945903477288
-99.97268855796447,377.61885666155877,113556.87975951903,-61702.98822444602,707.7675384556769
-93.60088941914218,378.77250047892653,117308.775751503,-59287.94315235271,706.1702723959722
-87.3924952214493,379.89757049839943,121060.67174348696,-56927.61052512629,704.6011613443557
-81.33829337775698,380.9956473853445,124812.56773547093,-54619.02596601618,703.0587106421107
-75.429850938516,382.06817948295327,128564.4637274549,-52359.47001797318,701.5415466720789
-69.65942790359189,383.1164974113354,132316.35971943886,-50146.44136575654,700.0484038053347
-64.01990234025214,384.1418266902452,136068.25571142283,-47977.63365815753,698.5781130843397
-58.5047033010985,385.1452990847194,139820.1517034068,-45850.914544668616,697.1295918039402
-53.10776194233994,386.12796076190216,143572.04769539076,-43764.311057057326,695.7018369520616
-47.82345147124567,387.09078257369674,147323.94368737473,-41715.990140683534,694.2939148425161
-42.646550224406106,388.0346662221248,151075.8396793587,-39704.24761036308,692.9049561879644
-37.57220192846985,388.96045100560644,154827.73567134267,-37727.49562706162,691.534149824506
-32.59588192262579,389.86891954210836,158579.63166332664,-35784.25212690853,690.1807375041597
-27.713367225527275,390.76080284487034,162331.5276553106,-33873.131437583696,688.8440092660284
-22.920709930782365,391.6367848371555,166083.42364729458,-31992.835924430103,687.5232993099598
-18.2142134944878,392.4975063792297,169835.31963927855,-30142.148532688294,686.2179823080951
-13.590411543549882,393.343568869876,173587.21563126252,-28319.92611202246,684.9274700991199
-9.046048888609494,394.1755374755429,177339.11162324648,-26525.093426283795,683.651208718197
-4.578064470351495,394.9939440327112,181091.00761523045,-24756.637765091113,682.3886757220301
-0.18357600658445913,395.7992896625978,184842.90360721442,-23013.604085602066,681.1393777742519
4.140133860546998,396.59204713196266,188594.7995991984,-21295.090622602573,679.9028484610174
8.395630090625295,397.37266298922106,192346.69559118236,-19600.244913360297,678.6786463107052
12.58533659469755,398.14155950120414,196098.59158316633,-17928.260190732868,677.4663529950419
16.71154653947902,398.8991364126213,199850.4875751503,-16278.372104032362,676.2655716918725
20.776431720100582,399.645772547471,203602.38356713424,-14649.85573227308,675.0759255922818
24.78205110114698,400.38182726923947,207354.2795591182,-13042.022858837752,673.8970565369242
28.730358613462442,401.1076418146643,211106.17555110218,-11454.219480366119,672.7286237682299
32.623210283588115,401.82354051405343,214858.07154308615,-9885.82352594748,671.5703027867751
36.46237076358655,402.5298319096185,218609.9675350701,-8336.242765496356,670.4217843014288
40.24951932104683,403.22680978194086,222361.86352705408,-6804.91288866208,669.282773264143
43.98625534224237,403.9147540935381,226113.75951903805,-5291.295737719369,668.1529879812197
47.674103395390816,404.59393185748434,229865.65551102202,-3794.8776797585656,667.032159293848
51.31451789576952,405.2645979381616,233617.551503006,-2315.168105102559,665.9200298214586
54.908887409855474,405.92699579044535,237369.44749498996,-851.6980402965862,664.8163532621586
58.458538631681066,406.58135814295497,241121.34348697393,595.9811347435693,663.720893745096
61.96474006105968,407.2279076304045,244873.2394789579,2028.2988747437994,662.6334252301579
65.42870541024223,407.8668573795645,248625.13547094187,3445.666570597547,661.5537309508715
68.85159676286432,408.4984115528886,252377.03146292584,4848.478571918741,660.4816028967799
72.23452750657233,409.1227658534428,256128.9274549098,6237.113137362962,659.4168413319693
75.57856617236983,409.74010819910967,259880.82344689377,7611.933775142094,658.35925398432
78.88473472306733,410.3506183790463,263632.7194388777,8973.288327017177,657.3086570074067
82.15401700213347,410.9544695795265,267384.6154308617,10321.51222795888,656.2648726158055
85.38735705143871,411.55182805001664,271136.51142284565,11656.927633090396,655.2277299795052
88.58566209793979,412.1428536290341,274888.40741482965,12979.844468214396,654.1970645818107
91.74980447382103,412.7277000756848,278640.3034068136,14290.561055899929,653.1727179005569
94.88062341201847,413.30651537982254,282392.1993987976,15589.364701515584,652.1545371094678
97.97892672674091,413.8794420524712,286144.0953907815,16876.532242259495,651.1423747981632
101.04549238778787,414.4466173980122,289895.9913827655,18152.33056198829,650.1360887093972
104.0810699966445,415.0081737695006,293647.88737474947,19417.017074385014,649.1355414922671
107.08638217165912,415.56423880835666,297399.78336673346,20670.840176791502,648.1406004702316
110.06212584899214,416.1149356695776,301151.6793587174,21914.03967684139,647.1511374228658
113.0089735054212,416.66038323350983,304903.5753507014,23146.847193834546,646.1670283803853
115.92756723937167,417.2006949963194,308655.47134268534,24369.483573260506,645.1881558060942
118.81854962254974,417.73598476899485,312407.36733466934,25582.17171866139,644.2143984162063
121.68251752428215,418.266358116843,316159.2633266533,26785.117153854353,643.2456468432397
124.52005649566343,418.7919187135567,319911.1593186373,27978.522337769315,642.2817922715992
127.33173273968775,419.31276684428383,323663.0553106212,29162.583222157944,641.3227292750298
130.1180939699463,419.82899955471873,327414.95130260516,30337.48953509615,640.3683556706769
132.8796702216801,420.3407107919718,331166.84729458916,31503.42504897012,639.4185723810461
135.61697461834873,420.84799153776237,334918.7432865731,32660.567833963963,638.473283303364
138.3305040966322,421.35092993443396,338670.6392785571,33809.09049798814,637.532395185853
141.02074009257683,421.84961140425867,342422.53527054103,34949.16041392771,636.5958175104796
143.6881491913759,422.3441187624585,346174.43126252503,36080.93993501235,635.6634623817646
146.33318374309582,422.8345323243413,349926.327254509,37204.58659905574,634.7352444212843
148.9562824464898,423.3209300069188,353678.22324649297,38320.253322257035,633.8110806674988
151.5578709028776,423.80338742534866,357430.1192384769,39428.0885832078,632.8908904805957
154.138362141943,424.28197798451725,361182.0152304609,40528.236597698495,631.9745954520291
156.69815712114394,424.7567729660564,364933.91122244485,41620.83748488015,631.0621193184874
159.23764520032626,425.2278416110678,368685.80721442885,42706.02742529181,630.1533878800244
161.7572045930206,425.69525119880933,372437.7032064128,43783.93881123772,629.2483289221069
164.2572027957931,426.1590671215796,376189.5991983968,44854.70038995597,628.3468721413516
166.73799699692879,426.6193529560216,379941.4951903807,45918.437399997165,627.4489490747449
169.19993446563723,427.0761705310502,383693.3911823647,46975.271701196696,626.5544930321481
171.64335292289806,427.5295799925959,387445.28717434866,48025.32189860618,625.6634390318998
174.06858089497996,427.97963986534387,391197.18316633266,49068.70346071968,624.7757237393446
176.47593805060143,428.42640711163386,394949.0791583166,50105.52883230904,623.8912854081294
178.865735522651,428.86993718768167,398700.9751503006,51135.90754216972,623.0100638241178
181.23827621529074,429.31028409726224,402452.87114228454,52159.946306041784,622.1320002517807
183.59385509726772,429.74750044299753,406204.7671342685,53177.7491249795,621.257037382925
185.93275948214995,430.18163747537346,409956.6631262525,54189.41737939927,620.3851192876501
188.25526929620378,430.6127451396094,413708.5591182364,55195.04991904329,619.5161913674024
190.56165733454506,431.04087212048836,417460.4551102204,56194.74314906256,618.6502003100284
192.85218950620325,431.46606588526106,421212.35110220435,57188.59111243067,617.7870940467201
195.1271250686601,431.8883727247178,424964.24709418835,58176.68556887217,616.9268217107489
197.38671685238603,432.30783779252164,428716.1430861723,59159.11607047208,616.0693335979257
199.6312114759349,432.72450514289704,432468.0390781563,60135.970034158636,615.2145811286538
201.86084955200926,433.13841776674803,436219.9350701402,61107.33281118443,614.3625168115515
204.07586588501258,433.5496176262926,439971.8310621242,62073.28775378543,613.51309420851
206.27648966045479,433.95814568827967,443723.72705410817,63033.91627912846,612.6662679011746
208.4629446266554,434.3640419558624,447475.62304609217,63989.297930700275,611.8219934587266
210.6354492690944,434.76734549919166,451227.5190380761,64939.51043724992,610.9802274069467
212.79421697777826,435.168094484791,454979.4150300601,65884.6297694051,610.1409271984709
214.93945620795404,435.5663262037716,458731.31102204404,66824.73019407342,609.3040511841964
217.0713706344886,435.96207709894287,462483.20701402804,67759.88432673222,608.4695585857811
219.19015930020976,436.35538279086876,466235.103006012,68690.16318170342,607.6374094691828
221.2960167584986,436.7462781029216,469986.998997996,69615.63622051186,606.8075647191972
223.38913389402512,437.134797210874,473738.8949899799,70536.37169724182,605.9799857299507
225.4696990270744,437.520973851973,477490.7909819639,71452.43714096643,605.154634045706
227.5378867562113,437.9048392449246,481242.68697394786,72363.89441539966,604.3314757452674
229.59387937530485,438.286426069044,484994.5829659318,73270.8091460636,603.5104730180183
231.63785092779756,438.6657655021438,488746.4789579158,74173.2436866941,602.6915904995532
233.6699717193675,439.04288805705687,492498.37494989973,75071.25909394525,601.8747935089355
235.69040842649062,439.4178236007393,496250.27094188373,75964.91516431805,601.0600480292311
237.6993242011208,439.7906013726955,500002.1669338677,76854.27046979695,600.2473206887021
239.69687877162474,440.16125000274764,503754.0629258517,77739.38239223236,599.4365787426417
241.6832285401396,440.5297975281813,507505.9589178356,78620.30715653101,598.6277900558299
243.6585266764926,440.89627141028797,511257.8549098196,79497.09986269257,597.8209230855713
245.62292320884453,441.2606985503362,515009.75090180355,80369.81451675278,597.0159468653069
247.5765651111579,441.6231053049855,518761.64689378755,81238.5040606583,596.2128309887728
249.5195963876547,441.98351750117394,522513.5428857715,82103.22040113437,595.4115455946794
251.4521581543616,442.3419604504958,526265.4388777554,82964.01443757256,594.6120613519015
253.37438871787663,442.6984589630916,530017.3348697395,83820.93608898672,593.8143494451427
255.28642365146084,443.0530373610705,533769.2308617234,84674.03432006753,593.0183815610773
257.18839586856024,443.40571949148114,537521.1268537074,85523.35716637217,592.2241298749343
259.0804356938727,443.75652873885286,541273.0228456913,86368.95175868862,591.4315670375133
260.96267093205,444.10548803732155,545024.9188376754,87210.86434660267,590.6406661626124
262.8352269341199,444.45261988235575,548776.8148296593,88049.14032129358,589.8514008148594
264.6982266617378,444.79794634210174,552528.7108216432,88883.82423760054,589.0637449979208
266.5517907493376,445.14148906836004,556280.6068136272,89714.9598353785,588.2776731430819
268.3960375642663,445.48326930720754,560032.5028056112,90542.59006017115,587.4931600981835
270.2310832649842,445.82330790928035,563784.3987975952,91366.75708323302,586.7101811168964
272.0570418574098,446.1616253397298,567536.2947895791,92187.50232092197,585.9287118483203
273.87402524945514,446.49824168786193,571288.190781563,93004.86645347845,585.1487283269149
275.6821433038665,446.8331766764775,575040.086773547,93818.88944323391,584.3702069627122
277.48150388938257,447.1664496709171,578791.982765531,94629.61055224643,583.5931245318422
279.2722129303103,447.49807968782784,582543.878757515,95437.06835940003,582.8174581673296
281.0543744545646,447.8280854036598,586295.7747494989,96241.30077698537,582.0431853501648
282.8280906402268,448.1564851629018,590047.6707414829,97042.34506677547,581.2702839006397
284.5934618606852,448.48329698606716,593799.5667334669,97840.23785562035,580.4987319699306
286.35058672839506,448.8085385774375,597551.4627254509,98635.01515057449,579.7285080319291
288.0995621373269,449.1322273325745,601303.3587174348,99426.71235357565,578.9595908753066
289.8404833041327,449.4543803456063,605055.2547094187,100215.36427569053,578.1919595958041
291.5734438080953,449.7750144162999,608807.1507014028,101001.00515094498,577.4255935887405
293.2985356298844,450.09414605692194,612559.0466933867,101783.66864974843,576.6604725417284
295.01584918917564,450.4117914989012,616310.9426853707,102563.3878919317,575.8965764276024
296.7254733811736,450.72796669929534,620062.8386773546,103340.19545941036,575.1338854975289
298.42749561206205,451.04268734707057,623814.7346693387,104114.1234084836,574.3723802743182
300.1220018334399,451.3559688692014,627566.6306613226,104885.20328178733,573.6120415459129
301.8090765757651,451.6678264365951,631318.5266533066,105653.46611990765,572.8528503590501
303.48880298083657,451.9782749698473,635070.4226452905,106418.94247266761,572.094788013102
305.1612628333688,452.28732914483663,638822.3186372746,107181.66241010335,571.3378360540721
306.82653659166226,452.59500339815986,642574.2146292585,107941.65553313198,570.5819762687548
308.4847034174235,452.90131193241695,646326.1106212424,108698.95098392805,569.8271906790468
310.1358412047436,453.2062687213477,650078.0066132264,109453.57745601358,569.0734615364115
311.7800266082879,453.50988751482816,653829.9026052103,110205.56320407707,568.3207713164769
313.4173350706989,453.812181843729,657581.7985971944,110954.93605352529,567.5691027137806
315.04784084925103,454.1131650246406,661333.6945891783,111701.72340977666,566.8184386366449
316.67161704178176,454.41285016447097,665085.5905811623,112445.95226730834,566.068762202184
318.2887356119221,454.71125016491936,668837.4865731462,113187.64921846362,565.3200567314312
319.8992674136467,455.0083777268293,672589.3825651302,113926.84046202544,564.5723057445932
321.5032822151625,455.3042453544249,676341.2785571142,114663.55181156295,563.8254929564191
323.10084872217726,455.5988653594369,680093.1745490981,115397.80870356687,563.0796022716785
324.69203460053586,455.8922498651173,683845.0705410821,116129.63620536661,562.3346177807554
326.2769064982674,456.18441081014953,687596.9665330661,116859.05902284551,561.5905237553503
327.855530067068,456.4753599524576,691348.8625250501,117586.10150796309,560.8473046442698
329.42796998320466,456.7651088729144,695100.758517034,118310.78766607778,560.1049450693381
330.9942899678956,457.05366897895556,698852.654509018,119033.14116308998,559.3634298213842
332.55455061807186,457.3410511049389,702604.550501002,119753.18432182394,558.6227448969693
334.10881847008824,457.6272671813396,706356.4464929859,120470.94230350453,557.8828731976024
335.65715198270595,457.91232765287845,710108.3424849699,121186.43663671809,557.1438011901673
337.1996112552126,458.19624326844075,713860.2384769538,121899.68969959042,556.4055143011734
338.73625552559434,458.47902462009574,717612.1344689379,122610.72356363756,555.6679981077149
340.267143188073,458.76068214620676,721364.0304609218,123319.55999993788,554.9312383339576
341.792331810207,459.0412261344643,725115.9264529058,124026.22048515554,554.1952208476959
343.31187814956064,459.32066672484154,728867.8224448897,124730.72620741228,553.4599316569921
344.82583816996083,459.5990139124773,732619.7184368736,125433.09807201687,552.725356906893
346.3342670573482,459.87627755048607,736371.6144288577,126133.3567070553,551.9914828762157
347.8372192352464,460.15246735270057,740123.5104208416,126831.52246884783,551.2582959744011
349.33474837984403,460.42759289634495,743875.4064128256,127527.61544727153,550.5257827384421
350.82690743472176,460.70166362464494,747627.3024048095,128221.65547096112,549.7939298298712
352.31374862521574,460.97468884937314,751379.1983967936,128913.66211238361,549.0627240318126
353.7953234724443,461.246677753334,755131.0943887775,129603.6546927957,548.3321522460953
355.2716828069978,461.5176393927895,758882.9903807614,130291.65228708605,547.6022014904279
356.74287678230246,461.78758269982563,762634.8863727454,130977.67372850268,546.8728588956277
358.20895488767866,462.0565164846648,766386.7823647294,131661.73761327672,546.1441117029025
359.6699659610831,462.3244494379223,770138.6783567134,132343.86230513552,545.4159472611949
361.1259582015702,462.59139013281134,773890.5743486973,133024.06593971935,544.6883530245645
362.57697918144515,462.8573470272943,777642.4703406813,133702.36642888957,543.9613165496386
364.0230758581628,463.1223284661877,781394.3663326653,134378.78146495204,543.2348254930905
365.4642945859331,463.3863426832149,785146.2623246493,135053.32852477542,542.5088676091824
366.90068112708235,463.6493978030153,788898.1583166332,135726.0248738279,541.7834307473437
368.33228066314246,463.91150184310413,792650.0543086171,136396.8875701176,541.0585028497952
369.7591378057064,464.17266271579126,796401.9503006012,137065.9334680536,540.3340719492159
371.1812966070252,464.4328882300533,800153.8462925851,137733.17922221526,539.6101261664596
372.5988005703937,464.69218609336735,803905.7422845691,138398.6412910524,538.8866537082904
374.01169266028273,464.9505639134999,807657.638276553,139062.33594049327,538.1636428651796
375.4200153122673,465.2080292002585,811409.534268537,139724.27924748365,537.4410820091279
376.82381044273336,465.46458936720455,815161.430260521,140384.48710345099,536.7189595915227
378.2231194583704,465.7202517333262,818913.326252505,141042.97521769107,535.997264141039
379.6179837802031,465.97502361590296,822665.2222444889,141699.7593605375,535.2759839662709
381.0084428265653,466.2289119729636,826417.1182364728,142354.8544226524,534.5551083150223
382.3945370133426,466.4819239351701,830169.0142284569,143008.275811666,533.8346256591508
383.7763057994076,466.7340664592427,833920.9102204408,143660.03854086364,533.1145248160806
385.15378817846033,466.9853464151683,837672.8062124248,144310.15745732214,532.3947946704916
386.5270226873796,467.23577058766773,841424.7022044087,144958.6472449032,531.6754241724022
387.8960474144005,467.4853456776322,845176.5981963928,145605.52242718576,530.9564023352767
389.2609000071224,467.73407830352943,848928.4941883767,146250.79737033995,530.2377182341654
390.62161768035725,467.98197500278025,852680.3901803606,146894.4862859463,529.5193610038668
391.9782372238112,468.229042233106,856432.2861723446,147536.60323375624,528.8013198371198
393.3307950096173,468.4752863738471,860184.1821643286,148177.16212440128,528.0835839828092
394.6793269997083,468.72071372725486,863936.0781563126,148816.17672204782,527.3661427442079
396.0238687530534,468.9653305197566,867687.9741482965,149453.66064700295,526.648985477232
397.364455432741,469.2091429031939,871439.8701402805,150089.6273782692,525.9321015887188
398.70112181292416,469.45215695603537,875191.7661322645,150724.0902560494,525.2154805347317
400.0339022856358,469.69437868456583,878943.6621242485,151357.0624842091,524.4991118188739
401.3628308674594,469.93581402404925,882695.5581162324,151988.557132686,523.7829849906364
402.687941206084,470.1764688398695,886447.4541082163,152618.58713986247,523.0670896437435
404.0092665867183,470.4163489286474,890199.3501002003,153247.16531488643,522.3514154145449
405.32683993839754,470.65546001933564,893951.2460921843,153874.30433995737,521.6359519803922
406.6406938401566,470.8938077742914,897703.1420841683,154500.01677256526,520.9206890580599
407.95086052709576,471.13139779032736,901455.0380761522,155124.31504769187,520.2056164021621
409.2573718963299,471.3682355997423,905206.9340681362,155747.21147997296,519.4907238035962
410.56025951282663,471.60432667133136,908958.8300601202,156368.7182658215,518.7760010879949
411.859554615136,471.83967641137525,912710.7260521041,156988.84748551308,518.0614381141942
413.15528812101525,472.0742901646113,916462.6220440881,157607.61110523617,517.3470247727132
414.44749063295006,472.3081732151845,920214.518036072,158225.02097910538,516.6327509842504
415.7361924435859,472.54133078758184,923966.4140280561,158841.08885114564,515.9186066981788
417.021423541045,472.7737680475457,927718.31002004,159455.82635723474,515.2045818910707
418.30321361415577,473.005490102971,931470.206012024,160069.24502701717,514.4906665652203
419.58159205759955,473.2365020047866,935222.1020040079,160681.3562857895,513.7768507471789
420.8565879769527,473.4668087478167,938973.997995992,161292.17145634934,513.0631244862961
422.1282301936463,473.6964152716283,942725.8939879759,161901.70176081648,512.3494778532842
423.3965472498472,473.9253264613619,946477.7899799598,162509.95832242636,511.6359009387659
424.66156741323806,474.1535471485446,950229.6859719438,163116.95216728956,510.9223838518562
425.9233186817387,474.3810821118911,953981.5819639278,163722.69422613096,510.2089167187295
427.1818287881302,474.60793607808745,957733.4779559118,164327.19533599622,509.4954896812068
428.43712520461054,474.83411372256046,961485.3739478957,164930.46624193346,508.78209289534215
429.6892351472724,475.05961967023313,965237.2699398797,165532.51759865004,508.0687165300175
430.93818558050566,475.2844584962655,968989.1659318636,166133.35997214273,507.3553507655396
432.18400322133544,475.50863472678265,972741.0619238477,166733.00384130605,506.6419857922436
433.42671454368127,475.7321528395885,976492.9579158316,167331.4595995139,505.9286118090984
434.66634578255673,475.9550172648669,980244.8539078155,167928.7375561813,505.21521902231694
435.90292293819346,476.17723238586905,983996.7498997995,168524.8479382998,504.501797643965
437.1364717801157,476.3988025395908,987748.6458917835,169119.80089195762,503.7883378905786
438.3670178511337,476.6197320174338,991500.5418837675,169713.60648383014,503.0748299817753
439.5945864712891,476.84002506585836,995252.4378757514,170306.2747026564,502.3612641388742
440.81920274174075,477.0596858870226,999004.3338677353,170897.8154606944,501.64763058350707
442.0408915485833,477.27871863941067,1002756.2298597194,171488.2385951547,500.93391953623836
443.25967756661606,477.497127438449,1006508.1258517033,172077.5538696158,500.2201212151811
444.47558373109075,477.7149160827785,1010260.0218436873,172665.77023412212,499.5062267351964
445.6886375258318,477.9320891803476,1014011.9178356712,173252.8988672113,498.7922244141219
446.89886130966624,478.1486504156921,1017763.8138276553,173838.9484956636,498.07810545376486
448.10627895033315,478.3646037382364,1021515.7098196392,174423.92860305856,497.36386004771794
449.31091412218217,478.57995305724603,1025267.6058116232,175007.84860609504,496.6494783802413
450.51279030964395,478.7947022423843,1029019.5018036071,175590.71785591013,495.93495062485994
451.7119308106524,479.00885512425793,1032771.3977955912,176172.54563938174,495.22026694295135
452.9083587400351,479.22241549495703,1036523.2937875751,176753.34118042476,494.50541748232587
454.10209703283357,479.43538710857973,1040275.189779559,177333.11364125737,493.7903923758139
455.2931684476039,479.64777368175254,1044027.085771543,177911.87212366695,493.0751817398328
456.4815955696653,479.85957889414016,1047778.9817635269,178489.6256702576,492.3597756729551
457.6674008143047,480.0708063889451,1051530.8777555109,179066.3832656809,491.64416425446854
458.850606429946,480.2814597734001,1055282.773747495,179642.1538378585,490.9283375429316
460.0312345012797,480.49154261925185,1059034.669739479,180216.94625919076,490.21228557471403
461.20930695235387,480.7010584632357,1062786.5657314628,180790.76934775256,489.49599836253645
462.38484554964367,480.91001080754506,1066538.4617234468,181363.63186848542,488.77946589398454
463.55787190504594,481.11840312028636,1070290.3577154307,181935.54253435956,488.0626781300487
464.72840747890757,481.32623883593686,1074042.2537074147,182506.51000755798,487.3456250035934
465.89647358296367,481.5335213557862,1077794.1496993988,183076.54290062177,486.62829641787346
467.0620913831915,481.74025404836027,1081546.0456913826,183645.6497775626,485.9106822450547
468.2252819028551,481.9464402498764,1085297.9416833667,184213.83915507066,485.192772324585
469.38606602525385,482.1520832646453,1089049.8376753507,184781.11950358565,484.4745564617275
470.54446449659275,482.3571863654923,1092801.7336673345,185347.4992484334,483.75602442598097
471.700497928793,482.56175279416516,1096553.6296593186,185912.9867709373,483.0371659495023
472.85418680228577,482.7657857617374,1100305.5256513024,186477.59040952654,482.3179707255149
474.0055514687702,482.9692884490033,1104057.4216432865,187041.3184608345,481.5984284067011
475.1546121537969,483.1722640068409,1107809.3176352705,187604.17918071453,480.8785286036946
476.30138895982685,483.37471555665206,1111561.2136272544,188166.1807854939,480.15826088318283
477.44590186863337,483.5766461906904,1115313.1096192384,188727.33145291256,479.43761476646137
478.58817074405783,483.7780589724456,1119065.0056112225,189287.63932323855,478.7165797276957
479.7282153346637,483.9789569370081,1122816.9016032063,189847.11250033934,477.9951451922181
480.8660552763548,484.17934309142544,1126568.7975951903,190405.75905274038,477.2733005348187
482.0017100949995,484.3792204150563,1130320.6935871742,190963.5870146904,476.55103507799925
483.1351992090234,484.5785918599169,1134072.5895791582,191520.60438721746,475.8283380902102
484.26654193199306,484.7774603510232,1137824.4855711423,192076.81913918356,475.105198784065
485.3957574751846,484.9758287867273,1141576.381563126,192632.2392083373,474.38160631452683
486.5228649508024,485.17370003915755,1145328.2775551102,193186.87250268637,473.6575497765662
487.64788337124793,485.37107695400766,1149080.173547094,193740.7268999577,472.9330182057791
488.77083165758216,485.5679623518319,1152832.069539078,194293.8102515218,472.20800057200114
489.89172863697576,485.76435902752854,1156583.965531062,194846.1303809799,471.48248578122593
491.0105930472067,485.9602697509779,1160335.861523046,195397.6950861732,470.7564626721542
492.1274435388967,486.1556972673054,1164087.75751503,195948.51214009992,470.02992001441095
493.24229867798164,486.35064429718,1167839.653507014,196498.58929194932,469.30284650655796
494.3551769481987,486.54511353711155,1171591.5494989979,197047.93426814847,468.5752307740452
495.4660967535602,486.73910765974244,1175343.445490982,197596.5547734063,467.8470613671414
496.57507642082317,486.9326293141356,1179095.3414829657,198144.45849175885,467.11832675883164
497.68213420194695,487.1256811260562,1182847.2374749498,198691.65308761442,466.3890153426764
498.78728827656977,487.31826569825233,1186599.1334669339,199238.14620680895,465.6591154306259
499.8905567544508,487.5103856107278,1190351.0294589177,199783.94547765254,464.92861525081526
500.99195767794436,487.7020434210141,1194102.9254509017,200329.05851199062,464.1975029453001
502.09150902444793,487.8932416644357,1197854.8214428858,200873.4929062597,463.4657665677648
503.1892287088717,488.0839828543741,1201606.7174348696,201417.25624255606,462.7333940811817
504.2851345860933,488.2742694825251,1205358.6134268537,201960.35608970138,462.0003733554319
505.3792444534442,488.46410401915705,1209110.5094188375,202502.8000043262,461.26669216486306
506.47157605319364,488.65348891336396,1212862.4054108215,203044.59553195766,460.5323381858033
507.5621470814817,488.84242659434676,1216614.3014028056,203585.75021126217,459.7972989888183
508.65097516067436,489.0309194668356,1220366.1973947894,204126.27156041277,459.06156206051145
509.7380778948432,489.21896991981185,1224118.0933867735,204666.16710408928,458.3251147580542
510.82347282860945,489.40658031975613,1227869.9893787573,205205.4443532511,457.58794434179464
511.9071774656656,489.5937530134461,1231621.8853707414,205744.11081407993,456.850037959597
512.9892092697492,489.780490327938,1235373.7813627254,206282.17398835008,456.11138264529626
514.0695856669969,489.966794570766,1239125.6773547092,206819.64137447695,455.37196531600716
515.1483240484748,490.1526680301625,1242877.5733466933,207356.52046865498,454.6317727692338
516.225441772735,490.33811297527797,1246629.4693386774,207892.81876601238,453.89079167990275
517.3009561683859,490.52313165639686,1250381.3653306612,208428.54376177472,453.14900859734627
518.3748845366854,490.70772630515216,1254133.2613226452,208963.7029524459,452.40640994220786
519.4472441541511,490.8918991347351,1257885.157314629,209498.3038369979,451.6629820032791
520.5180522751866,491.07565234010286,1261637.0533066131,210032.35391807347,450.91871093427704
521.5873261347384,491.2589880981832,1265388.9492985972,210565.86070320747,450.17358275053317
522.655082950963,491.4419085680756,1269140.845290581,211098.83170605573,449.4275833256248
523.7213399279377,491.6244158912517,1272892.741282565,211631.27444765027,448.68069838790785
524.7861142583713,491.80651219174894,1276644.637274549,212163.1964576555,447.9329135169947
525.8494231263743,491.98819957636664,1280396.533266533,212694.60527565997,447.1842141401206
526.9112837102249,492.1694801348542,1284148.429258517,213225.50845246794,446.4345855284519
527.9717131851949,492.35035594010077,1287900.3252505008,213755.91355142294,445.6840127932855
529.0307292966711,492.5308291365965,1291652.2212424849,214285.82843061734,444.9324803871192
530.0883481129466,492.71090159214236,1295404.117234469,214815.26013615308,444.1799740510518
531.1445873575816,492.89057541390343,1299156.0132264527,215344.21654301253,443.42647792589776
532.1994642225376,493.06985260914024,1302907.9092184368,215872.7052782425,442.671976443736
533.2529959113406,493.2487351691512,1306659.8052104206,216400.7339883226,441.9164538563958
534.3051996420999,493.4272250694431,1310411.7012024047,216928.31034060675,441.15989423107817
535.3560926506656,493.605324269913,1314163.5971943887,217455.44202483573,440.40228144578634
536.405692193639,493.7830347149989,1317915.4931863726,217982.1367545805,439.6435991848156
537.454015551622,493.96035833385645,1321667.3891783566,218508.40226880845,438.88383093394026
538.5010800324291,494.13729704052093,1325419.2851703407,219034.2463334322,438.1229599755749
539.5469029743616,494.31385273406767,1329171.1811623245,219559.67674289658,437.3609693837802
540.5915017495403,494.4900272987707,1332923.0771543086,220084.7013217942,436.5978420191471
541.6348937673099,494.6658226042622,1336674.9731462924,220609.32792652282,435.8335605235243
542.6770964776786,494.8412405056844,1340426.8691382764,221133.56444696325,435.0681073146242
543.7181273748424,495.0162828438444,1344178.7651302605,221657.41880820206,434.30146458047034
544.7580040007678,495.19095144536436,1347930.6611222443,222180.8989722888,433.53361427369225
545.7967439488426,495.36524812282994,1351682.5571142284,222704.01294002886,432.7645381056602
546.8343648676029,495.5391746749381,1355434.4531062124,223226.76875281945,431.99421754046523
547.8708844645329,495.71273288664105,1359186.3490981963,223749.1744945247,431.2226337887134
548.9063205099467,495.8859245292899,1362938.2450901803,224271.23829339564,430.44976780115616
549.9406908409477,496.05875136077555,1366690.1410821641,224792.9683240336,429.6756002621308
550.9740133654743,496.2312151256675,1370442.0370741482,225314.37280939898,428.9001115828182
552.0063060664445,496.4033175553523,1374193.9330661322,225835.46002287453,428.1232818942888
553.0375870059811,496.5750603681687,1377945.829058116,226356.2382903725,427.3450910403609
554.0678743297386,496.7464452695406,1381697.7250501001,226876.7159924961,426.5655185702356
555.0971862713388,496.91747395211104,1385449.621042084,227396.90156676064,425.7845437309162
556.1255411569022,497.0881480958711,1389201.517034068,227916.8035098647,425.0021454593937
557.152957409696,497.25846936828935,1392953.413026052,228436.43038002617,424.2183023746043
558.1794543165867,497.42843955048744,1396705.309018036,228955.79118483246,423.4329921855957
559.205048911872,497.5980600207423,1400457.20501002,229474.89380442176,422.64619407254924
560.229760782163,497.7673325493495,1404209.101002004,229993.74742257057,421.8578850054506
561.2536087875712,497.9362587548398,1407960.9969939878,230512.36086789693,421.068042245835
562.2766119104663,498.10484024384897,1411712.8929859719,231030.74304321385,420.276642693
563.298789260899,498.27307861123705,1415464.7889779557,231548.90292827986,419.4836628743139
564.320160082164,498.44097544020514,1419216.6849699398,232066.8495826228,418.6890789352196
565.3407437565145,498.6085323024109,1422968.5809619238,232584.59214844598,417.89286662892016
566.3605598110476,498.77575075808255,1426720.4769539076,233102.13985362352,417.0950013057147
567.3796279237571,498.9426323561326,1430472.3729458917,233619.5020147866,416.2954579019862
568.3979679297559,499.1091786342682,1434224.2689378757,234136.68804049827,415.494210928828
569.415599827694,499.27539111910187,1437976.1649298596,234653.7074345329,414.69123446027805
570.4325437863604,499.44127132626,1441728.0609218436,235170.56979925328,413.8865021211632
571.4488201514969,499.60682076049073,1445479.9569138275,235687.2848390989,413.07998707451605
572.4644494528089,499.7720409157692,1449231.8529058115,236203.86236417934,412.2716620085754
573.4794524112066,499.9369332754032,1452983.7488977956,236720.3122939906,411.4614991233234
574.4938499462733,500.1014993121362,1456735.6448897794,237236.64466124956,410.64947011655005
575.5076631845401,500.2657404883289,1460487.5408817634,237752.86961613977,409.8355461688482
576.5209134650612,500.429658255728,1464239.4368737473,238268.99742921378,409.01969793112846
577.5336223513932,500.5932540560896,1467991.3328657313,238785.0384975062,408.20189550528175
578.5458116374448,500.7565293209085,1471743.2288577154,239301.00334758792,407.3821084308629
579.5575033569557,500.91948547161246,1475495.1248496992,239816.90264044408,406.56030566776116
580.5687197926169,501.0821239196629,1479247.0208416833,240332.7471761807,405.73645557892263
581.5794834854615,501.2444460666485,1482998.9168336673,240848.54789887354,404.91052591249814
582.5898172445906,501.40645330437775,1486750.8128256511,241364.31590159622,404.0824837832936
583.5997441572523,501.5681470149722,1490502.7088176352,241880.0624316313,403.2522956535281
584.6092875992939,501.7295285709586,1494254.604809619,242395.7988958788,402.41992731283756
585.6184712459726,501.89059933535844,1498006.500801603,242911.53686645458,401.5853438575349
586.6273190831954,502.05136066177926,1501758.3967935871,243427.28808651114,400.7485096690326
587.6358554191476,502.2118138945014,1505510.292785571,243943.0644762661,399.9093883914498
588.6441048963825,502.3719603685663,1509262.188777555,244458.87813927187,399.06794290830646
589.6520925043659,502.53180140986285,1513014.084769539,244974.74136892305,398.2241353183007
590.6598435925043,502.69133833521266,1516765.980761523,245490.66665521925,397.3779269101071
591.6673838836869,502.85057245245486,1520517.876753507,246006.666691797,396.52927813614525
592.6747394883578,503.0095050605289,1524269.7727454908,246522.754383241,395.6781485852758
593.6819369191676,503.1681374495585,1528021.6687374748,247038.94285269736,394.8244969543472
594.689003106181,503.32647090093,1531773.564729459,247555.2454497802,393.9682810185919
595.6959654127573,503.48450668737615,1535525.4607214427,248071.67575883123,393.10945760071746
596.702851652052,503.64224607305374,1539277.3567134268,248588.24760750314,392.2479825387176
597.7096901042283,503.79969031362333,1543029.2527054106,249104.97507571743,391.3838106522749
598.7165095343927,503.95684065632656,1546781.1486973946,249621.87250500006,390.51689570770856
599.7233392113035,504.11369834006405,1550533.0446893787,250138.95450822343,389.64719038137775
600.7302089268803,504.27026459546937,1554284.9406813625,250656.2359797661,388.7746462214683
601.737149016585,504.4265406449862,1558036.8366733466,251173.7321061313,387.89921360805374
602.7441903807019,504.5825277029415,1561788.7326653306,251691.45837703475,387.02084171134544
603.7513645065693,504.7382269756197,1565540.6286573145,252209.43059699066,386.13947844804477
604.7587034918309,504.8936396613348,1569292.5246492985,252727.6648974324,385.2550704356549
605.766240068746,505.0487669505029,1573044.4206412823,253246.17774938658,384.36756294468114
606.7740076296496,505.20361002571366,1576796.3166332664,253764.98597674962,383.4768998485343
607.78204025358,505.3581700617995,1580548.2126252505,254284.1067701747,382.5830235710917
608.790372734213,505.5124482259073,1584300.1086172343,254803.5577016419,381.68587503167595
609.7990406091238,505.6664456775669,1588052.0046092183,255323.3567397233,380.78539358736174
610.8080801905016,505.82016356876386,1591803.9006012024,255843.522265608,379.88151697242165
611.8175285973115,505.9736030440007,1595555.7965931862,256364.07308988355,378.9741812348149
612.8274237891537,506.12676524037033,1599307.6925851703,256885.0284702051,378.0633206693745
613.8378046018585,506.27965128763043,1603059.588577154,257406.40812987075,377.14886774754444
614.8487108927723,506.43226232109964,1606811.4845691381,257928.23233197507,376.2307529121221
615.8601831347802,506.5845994287361,1610563.3805611222,258450.52167444304,375.3089050413296
616.8722631411053,506.73666373264734,1614315.276553106,258973.29745767193,374.383250536508
617.8849936482504,506.8884563341813,1618067.17254509,259496.58147406217,373.45371379494463
618.8984184704607,507.03997832698474,1621819.068537074,260020.39608693402,372.5202169876183
619.9125825537242,507.19123079773516,1625570.964529058,260544.76425863188,371.58267995658633
620.9275320277659,507.34221482631256,1629322.860521042,261069.70957765492,370.6410201127202
621.9433142593113,507.49293148578556,1633074.7565130258,261595.25628647633,369.6951523297197
622.9599779087846,507.6433818424438,1636826.65250501,262121.42931114737,368.74498883160925
623.9775729904223,507.7935669558462,1640578.548496994,262648.25429268694,367.7904390735282
624.9961509359747,507.94348787888,1644330.4444889778,263175.7576203387,366.8314096154745
626.0157646621423,508.093145657816,1648082.3404809618,263703.9664667822,365.86780398859
627.0364686420802,508.24254133236883,1651834.2364729457,264232.90882546373,364.89952255340125
628.0583189812335,508.3916759357554,1655586.1324649297,264762.6135501912,363.9264623494345
629.0813734978246,508.5405504947531,1659338.0284569138,265293.11039715406,362.94851693558786
630.1056918083747,508.68916602975963,1663089.9244488976,265824.43006957293,361.9655762205118
631.1313354186166,508.8375235548511,1666841.8204408817,266356.6042651602,360.97752628226925
632.1583689591017,508.98562419936496,1670593.7164328657,266889.6663062678,359.9842476695865
633.1868558809938,509.1334687366418,1674345.6124248495,267423.64895073004,358.98562101991087
634.2168649649412,509.2810582697299,1678097.5084168336,267958.5877055632,357.9815183988303
635.248466305435,509.42839378785527,1681849.4044088174,268494.5187851481,356.97180851379716
636.2817324376858,509.5754762741626,1685601.3004008015,269031.47968625213,355.95635514711256
637.3167384714023,509.72230670576846,1689353.1963927855,269569.50925785006,354.9350168904367
638.3535622338986,509.86888605380955,1693105.0923847693,270108.64777581516,353.90764686073675
639.392284423445,510.0152152834937,1696856.9883767534,270648.9370229477,352.8740923959314
640.4329887736984,510.161295354148,1700608.8843687372,271190.42037478555,351.8341947285113
641.4757622302798,510.30712721927,1704360.7803607213,271733.1428917425,350.78778863508865
642.5206951405314,510.45271182657353,1708112.6763527053,272277.15141812223,349.734702059743
643.5678814577522,510.598050118038,1711864.5723446892,272822.4946886774,348.67475570867015
644.6174177471968,510.74314286245436,1715616.4683366732,273369.2228108915,347.6077638504119
645.6694084412856,510.88799134836427,1719368.3643286573,273917.3900029435,346.5335287369481
646.7239583075468,511.0325963076177,1723120.260320641,274467.0506701947,345.4518480146916
647.7811781078019,511.17695866003055,1726872.1563126252,275018.26235321164,344.36250870762825
648.8411835013817,511.32107931988446,1730624.052304609,275571.0851567249,343.26528803841506
649.9040953695442,511.4649591958334,1734375.948296593,276125.58191883296,342.1599527838172
650.9700401760223,511.60859919153603,1738127.844288577,276681.81839895423,341.0462585627302
652.0391503432243,511.75200020486176,1741879.740280561,277239.86347408226,339.9239490848372
653.111564677586,511.8951631284326,1745631.636272545,277799.7893605054,338.79275530962855
654.1874288269038,512.038088849563,1749383.532264529,278361.67185224534,337.65239453850927
655.2668957817552,512.1807782503059,1753135.4282565129,278925.59058244806,336.50256942012817
656.3501264248184,512.3232322074964,1756887.324248497,279491.62930971757,335.3429668607692
657.4372901338288,512.4654515927916,1760639.2202404807,280059.8762323828,334.17325682841
658.5285654447566,512.6074372727151,1764391.1162324648,280630.42433411896,332.9930910374855
659.6241407826814,512.7491901086961,1768143.0122244488,281203.371764816,331.80210149947754
660.7242152690392,512.8907109571113,1771894.9082164327,281778.82226120785,330.5998989221994
661.8289996154941,513.0320006693507,1775646.8042084167,282356.88561259274,329.38607093762084
662.9387171151185,513.1730600918315,1779398.7002004005,282937.678177208,328.1601801366324
664.0536047445646,513.3138900659925,1783150.5961923846,283521.3234563789,326.92176188387776
665.1739143947367,513.4544914284033,1786902.4921843687,284107.9527355303,325.670321878713
666.2999142455653,513.5948650107782,1790654.3881763525,284697.70580019825,324.4053334302721
667.4318903080134,513.7350116400194,1794406.2841683365,285290.73173906055,323.12623440156045
668.5701481583567,513.8749321382545,1798158.1801603206,285887.1898470069,321.8324237728088
669.715014894925,514.01462732288,1801910.0761523044,286487.2506439518,320.5232577644433
670.8668413532954,514.1540980066098,1805661.9721442885,287091.0970280967,319.1980454484603
672.0260046226861,514.2933449975234,1809413.8681362723,287698.92558587703,317.8560437635793
673.1929109154545,514.4323690991264,1813165.7641282564,288310.9480855681,316.4964518316102
674.3679988520387,514.571171110421,1816917.6601202404,288927.3931869649,315.1184044516642
675.5517437643794,514.70975185927,1820669.5561122242,289548.50867789774,313.72096374474376
676.7446600754249,514.8481120764139,1824421.4521042083,290174.5627237379,312.30311380985876
677.9473091404028,514.9862525737934,1828173.3480961923,290805.84793136234,310.86374609564473
679.1603034022935,515.1241741324496,1831925.2440881762,291442.68352092925,309.40165060937085
680.3843137155927,515.2618775290156,1835677.1400801602,292085.4191333591,307.9155015534969
681.6200775002778,515.3993635357472,1839429.036072144,292734.43907156185,306.4038411873825
682.868408418108,515.5366329205501,1843180.932064128,293390.16733297624,304.8650606782198
684.1302079339173,515.673686447015,1846932.8280561122,294053.0736218524,303.2973772243423
685.4064792306316,515.8105248744482,1850684.724048096,294723.6805848,301.698806524362
686.6983440914149,515.9471489579014,1854436.62004008,295402.57258827816,300.06712937978483
688.0070635608581,516.0835594482081,1858188.5160320639,296090.4064597855,298.3998508265421
689.3340634725192,516.2197570920046,1861940.412024048,296787.92475754826,296.6941496466878
690.6809663213884,516.3557426317393,1865692.308016032,297495.97233667615,294.94681533863337
692.0496315091489,516.4915168051604,1869444.2040080158,298215.5172650274,293.1541685372045
693.4422069173875,516.6270803479945,1873196.0999999999,298947.6776232324,291.31195905951216
746.7091039328494,516.6270803479945,1873196.0999999999,326465.35655575275,186.70677445241986
747.0433213004569,516.4915168051604,1869444.2040080158,326617.8019103025,185.19033638242027
747.3518877421485,516.3557426317393,1865692.308016032,326756.79270896816,183.72368998089146
747.6369449020964,516.2197570920046,1861940.412024048,326883.444178344,182.30258603710627
747.900345999553,516.0835594482081,1858188.5160320639,326998.72156310827,180.92334601782306
748.1437072854598,515.9471489579014,1854436.62004008,327103.4668658435,179.5827603019076
748.3684483119875,515.8105248744482,1850684.724048096,327198.4197754675,178.27800856037362
748.5758238059392,515.673686447015,1846932.8280561122,327284.23423389473,177.0065967246118
748.7669491966366,515.5366329205501,1843180.932064128,327361.491705923,175.76630649708176
748.9428212766965,515.3993635357472,1839429.036072144,327430.71192023496,174.55515448308358
749.1043350841094,515.2618775290156,1835677.1400801602,327492.36164687254,173.37135879304262
749.2522978170725,515.1241741324496,1831925.2440881762,327546.8619327148,172.21331151152324
749.3874403949873,514.9862525737934,1828173.3480961923,327594.59411362885,171.0795558205778
749.5104271347076,514.8481120764139,1824421.4521042083,327635.9048470042,169.96876685035775
749.6218639042501,514.70975185927,1820669.5561122242,327671.1103528716,168.87973554083914
749.7223047180958,514.571171110421,1816917.6601202404,327700.49984657636,167.8113553061327
749.8122589913803,514.4323690991264,1813165.7641282564,327724.33930509875,166.76260886245535
749.8921944280821,514.2933449975234,1809413.8681362723,327742.87298215664,165.73256061594694
749.9625429237514,514.1540980066098,1805661.9721442885,327756.32647093886,164.72034631459906
750.0237039288356,514.01462732288,1801910.0761523044,327764.9084567841,163.72516603202055
750.0760477322916,513.8749321382545,1798158.1801603206,327768.8124261988,162.7462776631921
750.1199183301022,513.7350116400194,1794406.2841683365,327768.21815998474,161.78299124180023
750.1556359411242,513.5948650107782,1790654.3881763525,327763.2930429258,160.83466395574183
750.18349922169,513.4544914284033,1786902.4921843687,327754.19321677386,159.90069575888822
750.2037872220146,513.3138900659925,1783150.5961923846,327741.06459891115,158.98052549405807
750.2167611201148,513.1730600918315,1779398.7002004005,327724.043785264,158.07362745647532
750.2226657635024,513.0320006693507,1775646.8042084167,327703.2588531939,157.17950833782024
750.2217310442155,512.8907109571113,1771894.9082164327,327678.8300776672,156.29770450056557
750.2141731276014,512.7491901086961,1768143.0122244488,327650.870571325,155.4277795409598
750.2001955552782,512.6074372727151,1764391.1162324648,327619.4868590598,154.56932210239154
750.1799902365018,512.4654515927916,1760639.2202404807,327584.7793945139,153.72194390956022
750.1537383411884,512.3232322074964,1756887.324248497,327546.84302539076,152.88527799694384
750.1216111068317,512.1807782503059,1753135.4282565129,327505.76741393894,152.0589771081003
750.0837705690415,512.038088849563,1749383.532264529,327461.63741767616,151.24271224629092
750.0403702243975,511.8951631284326,1745631.636272545,327414.53343487246,150.43617135920113
749.9915556330631,511.75200020486176,1741879.740280561,327364.5317186658,149.63905814304596
749.9374649677734,511.60859919153603,1738127.844288577,327311.7046632556,148.8510909529387
749.8782295148243,511.4649591958334,1734375.948296593,327256.12106509827,148.0720018083515
749.8139741330641,511.32107931988446,1730624.052304609,327197.8463622214,147.30153548288718
749.7448176693506,511.17695866003055,1726872.1563126252,327136.9428509131,146.53944867439546
749.6708733505017,511.0325963076177,1723120.260320641,327073.4698900564,145.7855092348995
749.5922491321019,510.88799134836427,1719368.3643286573,327007.4840831065,145.03949547193938
749.5090480252982,510.74314286245436,1715616.4683366732,326939.0394485396,144.30119550078348
749.4213685166926,510.598050118038,1711864.5723446892,326868.18767241423,143.57040761728715
749.329304390842,510.45271182657353,1708112.6763527053,326794.97788688453,142.84693600620653
749.2329456351401,510.30712721927,1704360.7803607213,326719.4573285785,142.13059565766824
749.1323782639855,510.161295354148,1700608.8843687372,326641.6711270223,141.4212083942988
749.0276846371597,510.0152152834937,1696856.9883767534,326561.662499748,140.71860328320633
748.9189436636519,509.86888605380955,1693105.0923847693,326479.47285867337,140.02261623067477
748.8062309910248,509.72230670576846,1689353.1963927855,326395.14190894464,139.33308960556465
748.6896191815453,509.5754762741626,1685601.3004008015,326308.70774088235,138.64987188893102
748.5691778762208,509.42839378785527,1681849.4044088174,326220.2069156172,137.97281734768274
748.4449739476986,509.2810582697299,1678097.5084168336,326129.6745449239,137.30178573030454
748.3170716429885,509.1334687366418,1674345.6124248495,326037.1443657452,136.6366419828176
748.1855327167515,508.98562419936496,1670593.7164328657,325942.64880979975,135.97725598340773
748.0504157975329,508.8375235548511,1666841.8204408817,325846.2186827763,135.32350277097495
747.9117796334264,508.68916602975963,1663089.9244488976,325747.8848174957,134.67526034050985
747.7696783564752,508.5405504947531,1659338.0284569138,325647.6756654593,134.0324124881227
747.6241649221125,508.3916759357554,1655586.1324649297,325545.61904868,133.39484649026375
747.475290343036,508.24254133236883,1651834.2364729457,325441.7417710379,132.7624534609607
747.3231037795985,508.093145657816,1648082.3404809618,325336.0696655121,132.1351281715996
747.167652624774,507.94348787888,1644330.4444889778,325228.6276385804,131.51276888146145
747.0089825841261,507.7935669558462,1640578.548496994,325119.4397120115,130.89527717820678
746.8471377511236,507.6433818424438,1636826.65250501,325008.5290622289,130.2825578276023
746.6821606781084,507.49293148578556,1633074.7565130258,324895.9180574077,129.67451863186764
746.514092443275,507.34221482631256,1629322.860521042,324781.62829248543,129.0710702960043
746.342972713867,507.19123079773516,1625570.964529058,324665.68062220357,128.47212630159993
746.1688398059383,507.03997832698474,1621819.068537074,324548.09519235033,127.87760278756816
745.9917307409503,506.8884563341813,1618067.17254509,324428.89146935235,127.2874184373236
745.8116812996163,506.73666373264734,1614315.276553106,324308.08826842444,126.70149437186745
745.6287260716775,506.5845994287361,1610563.3805611222,324185.7037796125,126.11975404921343
745.4428984994689,506.43226232109964,1606811.4845691381,324061.75559065037,125.54212317092035
745.2542308410274,506.27965128763043,1603059.588577154,323936.26066904824,124.96852963326731
745.0627545618094,506.12676524037033,1599307.6925851703,323809.2355611443,124.39890326253085
744.868499857991,505.9736030440007,1595555.7965931862,323680.6961514124,123.83317599939286
744.6714960322983,505.82016356876386,1591803.9006012024,323550.6578534296,123.27128164752285
744.4717714490475,505.6664456775669,1588052.0046092183,323419.1355877274,122.713155842138
744.2693535690537,505.5124482259073,1584300.1086172343,323286.1438000592,122.15873597993703
744.0642689828213,505.3581700617995,1580548.2126252505,323151.69647877116,121.60796115245205
743.8565434421984,505.20361002571366,1576796.3166332664,323015.8071713697,121.06077208256926
743.6462018904705,505.0487669505029,1573044.4206412823,322878.4890002721,120.51711106407161
743.433268491014,504.8936396613348,1569292.5246492985,322739.754677807,119.97692190406104
743.2177666546119,504.7382269756197,1565540.6286573145,322599.6165205143,119.44014986803396
742.9997190655049,504.5825277029415,1561788.7326653306,322458.0864627842,118.9067416274957
742.7791477062228,504.4265406449862,1558036.8366733466,322315.17606985854,118.37664520997713
742.55607388129,504.27026459546937,1554284.9406813625,322170.89655024407,117.8498099512965
742.3305182398464,504.11369834006405,1550533.0446893787,322025.25876755844,117.3261864499726
742.1025007972664,503.95684065632656,1546781.1486973946,321878.2732518517,116.80572652363671
741.8720409557907,503.79969031362333,1543029.2527054106,321729.95021041355,116.28838316739164
741.6391575242706,503.64224607305374,1539277.3567134268,321580.2995381141,115.77411051393942
741.4038687370338,503.48450668737615,1535525.4607214427,321429.33082728664,115.26286379545945
741.1661922719328,503.32647090093,1531773.564729459,321277.05337718327,114.75459930709755
740.9261452676193,503.1681374495585,1528021.6687374748,321123.4762030244,114.24927437199987
740.6837443400847,503.0095050605289,1524269.7727454908,320968.6080446646,113.74684730779857
740.439005598491,502.85057245245486,1520517.876753507,320812.457374889,113.24727739451275
740.1919446603297,502.69133833521266,1516765.980761523,320655.0324073559,112.75052484375256
739.94257666598,502.53180140986285,1513014.084769539,320496.34110422566,112.25655076916803
739.6909162926335,502.3719603685663,1509262.188777555,320336.3911834595,111.76531715810899
739.4369777676616,502.2118138945014,1505510.292785571,320175.19012582494,111.2767868444089
739.1807748814348,502.05136066177926,1501758.3967935871,320012.74518161506,110.7909234822497
738.9223209996242,501.89059933535844,1498006.500801603,319849.06337709655,110.30769152105401
738.6616290750127,501.7295285709586,1494254.604809619,319684.15152070223,109.82705618135032
738.3987116588241,501.5681470149722,1490502.7088176352,319518.01620896976,109.3489834315799
738.1335809116231,501.40645330437775,1486750.8128256511,319350.6638322551,108.87343996578491
737.8662486137614,501.2444460666485,1482998.9168336673,319182.10058021185,108.40039318214946
737.5967261754427,501.0821239196629,1479247.0208416833,319012.3324470671,107.92981116233703
737.3250246463714,500.91948547161246,1475495.1248496992,318841.3652366809,107.46166265162034
737.0511547250507,500.7565293209085,1471743.2288577154,318669.20456742315,106.99591703971907
736.7751267677113,500.5932540560896,1467991.3328657313,318495.8558768545,106.53254434237174
736.4969507969206,500.429658255728,1464239.4368737473,318321.3244262417,106.07151518354794
736.2166365098158,500.2657404883289,1460487.5408817634,318145.61530487693,105.61280077834027
735.9341932855376,500.1014993121362,1456735.6448897794,317968.73343398835,105.1563729166145
735.6496301949012,499.9369332754032,1452983.7488977956,317790.68357176427,104.70220394641888
735.3629560049053,499.7720409157692,1449231.8529058115,317611.47031578765,104.25026675956994
735.0741791876452,499.60682076049073,1445479.9569138275,317431.0981076675,103.80053477622376
734.7833079267203,499.44127132626,1441728.0609218436,317249.57123641006,103.35298193070346
734.4903501238124,499.27539111910187,1437976.1649298596,317066.8938418709,102.90758265769036
734.195313405035,499.1091786342682,1434224.2689378757,316883.06991808396,102.46431187886972
733.8982051270431,498.9426323561326,1430472.3729458917,316698.1033164686,102.02314499004679
733.5990323829222,498.77575075808255,1426720.4769539076,316511.9977489182,101.5840578486901
733.2978020078718,498.6085323024109,1422968.5809619238,316324.7567907817,101.14702676188755
732.9945205846705,498.44097544020514,1419216.6849699398,316136.38388373214,100.71202847471166
732.6891944489602,498.27307861123705,1415464.7889779557,315946.8823385382,100.27904015896166
732.3818296943311,498.10484024384897,1411712.8929859719,315756.2553377318,99.84803940227728
732.0724321772296,497.9362587548398,1407960.9969939878,315564.5059381838,99.41900419760361
731.7610075216892,497.7673325493495,1404209.101002004,315371.6370735859,98.99191293300052
731.4475611238959,497.5980600207423,1400457.20501002,315177.6515568466,98.56674438177676
731.1320981565914,497.42843955048744,1396705.309018036,314982.5520824007,98.14347769293126
730.8146233117353,497.25846936828935,1392953.413026052,314786.3410668226,97.72209203656692
730.4951418214599,497.0881480958711,1389201.517034068,314589.021279341,97.30256794146212
730.1736579778488,496.91747395211104,1385449.621042084,314390.5949266124,96.88488531556712
729.8501761005585,496.7464452695406,1381697.7250501001,314191.0642505031,96.46902472071352
729.5247003055619,496.5750603681687,1377945.829058116,313990.43138477165,96.05496705094801
729.1972345086969,496.4033175553523,1374193.9330661322,313788.69835693005,95.64269352461969
728.8677824290936,496.2312151256675,1370442.0370741482,313585.8670900419,95.23218567671515
728.5363475924696,496.05875136077555,1366690.1410821641,313381.9394044506,94.82342535142222
728.2029333343162,495.8859245292899,1362938.2450901803,313176.9170194514,94.41639469491837
727.8675428029776,495.71273288664105,1359186.3490981963,312970.8015549052,94.01107614836735
727.5301789626097,495.5391746749381,1355434.4531062124,312763.59453279123,93.60745244112724
727.1908445960407,495.36524812282994,1351682.5571142284,312555.2973787064,93.20550658415664
726.849542307527,495.19095144536436,1347930.6611222443,312345.9114233112,92.80522186361563
726.5062745254148,495.0162828438444,1344178.7651302605,312135.43790372484,92.40658183464377
726.1610435047043,494.8412405056844,1340426.8691382764,311923.8779648689,92.00957031532614
725.8138513295168,494.6658226042622,1336674.9731462924,311711.2326607618,91.6141713808269
725.4646999154816,494.4900272987707,1332923.0771543086,311497.50295576925,91.22036935769071
725.1135910120307,494.31385273406767,1329171.1811623245,311282.6897258068,90.82814881830559
724.7605262046078,494.13729704052093,1325419.2851703407,311066.79375949746,90.43749457551773
724.405506916807,493.96035833385645,1321667.3891783566,310849.8157592923,90.04839167740084
724.0485344124172,493.7830347149989,1317915.4931863726,310631.75634254084,89.66082540216853
723.6896097974004,493.605324269913,1314163.5971943887,310412.6160425281,89.2747812532241
723.3287340217942,493.4272250694431,1310411.7012024047,310192.3953094701,88.89024495435187
722.9659078815519,493.2487351691512,1306659.8052104206,309971.0945114772,88.50720244502936
722.6011320202505,493.06985260914024,1302907.9092184368,309748.7139354488,88.12563987588238
722.2344069308602,492.89057541390343,1299156.0132264527,309525.25378799794,87.74554360424152
721.8657329573174,492.71090159214236,1295404.117234469,309300.7141962757,87.36690018983373
721.4951102961,492.5308291365965,1291652.2212424849,309075.0952087931,86.98969639057823
721.1225385804179,492.35035594010077,1287900.3252505008,308848.396590746,86.61391924669358
720.7480185732601,492.1694801348542,1284148.429258517,308620.6186576962,86.23955571841668
720.3715495969992,491.98819957636664,1280396.533266533,308391.7610098633,85.86659322812518
719.9931312726255,491.80651219174894,1276644.637274549,308161.8233887023,85.49501928668246
719.6127630805762,491.6244158912517,1272892.741282565,307930.80546063615,85.12482158373801
719.2304443619352,491.4419085680756,1269140.845290581,307698.70681768213,84.75598798414153
718.8461743195957,491.2589880981832,1265388.9492985972,307465.5269780587,84.38850652445001
718.4599520193526,491.07565234010286,1261637.0533066131,307231.2653867534,84.02236540952063
718.071776390961,490.8918991347351,1257885.157314629,306995.9214160756,83.65755300919194
717.6816462291299,490.70772630515216,1254133.2613226452,306759.494366173,83.29405785504694
717.2895601944775,490.52313165639686,1250381.3653306612,306521.9834655285,82.93186863725707
716.8955168144346,490.33811297527797,1246629.4693386774,306283.38787142996,82.57097420150234
716.4995144841014,490.1526680301625,1242877.5733466933,306043.70667041437,82.21136354597022
716.1015514670587,489.966794570766,1239125.6773547092,305802.93887868966,81.85302581842934
715.7016258961354,489.780490327938,1235373.7813627254,305561.08344253124,81.49595031336847
715.2997357741328,489.5937530134461,1231621.8853707414,305318.1392386572,81.14012646920821
714.8958789745026,489.40658031975613,1227869.9893787573,305074.1050745789,80.7855438655831
714.4900532419963,489.21896991981185,1224118.0933867735,304828.9796889354,80.43219222068295
714.0822561933983,489.0309194668356,1220366.1973947894,304582.76175186713,80.08006138863264
713.672485319278,488.84242659434676,1216614.3014028056,304335.44986588677,79.7291413567554
713.2607379720632,488.65348891336396,1212862.4054108215,304087.0425600621,79.37942224528541
712.8470114004276,488.46410401915705,1209110.5094188375,303837.53830683423,79.0308942989916
712.4313027085625,488.2742694825251,1205358.6134268537,303586.935502119,78.6835478920679
712.0136088799773,488.0839828543741,1201606.7174348696,303335.23247694905,78.33737352170574
711.5939267728425,487.8932416644357,1197854.8214428858,303082.427495203,77.99236180672953
711.1722531203031,487.7020434210141,1194102.9254509017,302828.5187537627,77.64850348540209
710.7485845307497,487.5103856107278,1190351.0294589177,302573.50438264955,77.30578941327919
710.322917488074,487.31826569825233,1186599.1334669339,302317.3824451504,76.96421056111284
709.8952483518824,487.1256811260562,1182847.2374749498,302060.1509379221,76.62375801279646
709.4655733576789,486.9326293141356,1179095.3414829657,301801.8077910789,76.28442296336438
709.0338886170064,486.73910765974244,1175343.445490982,301542.35086825944,75.946196717029
708.6001901175702,486.54511353711155,1171591.5494989979,301281.77796668204,75.60907068526406
708.1644737233053,486.35064429718,1167839.653507014,301020.0868171722,75.2730363849321
707.7267351744297,486.1556972673054,1164087.75751503,300757.27508418064,74.93808543645072
707.2869700874522,485.9602697509779,1160335.861523046,300493.3403657797,74.60420956200169
706.8451739551598,485.76435902752854,1156583.965531062,300228.2801936456,74.27140058377115
706.4013421465515,485.5679623518319,1152832.069539078,299962.0920330156,73.93965042224272
705.9554699067706,485.37107695400766,1149080.173547094,299694.7732826419,73.60895109451187
705.5075523571882,485.17370003915755,1145328.2775551102,299426.3212748165,73.27929471261582
705.057584493698,484.9758287867273,1141576.381563126,299156.73327452916,72.95067348215323
704.6055611904897,484.7774603510232,1137824.4855711423,298886.00648127863,72.62307970013048
704.151477195201,484.5785918599169,1134072.5895791582,298614.13802670245,72.29650575410314
703.695327131224,484.3792204150563,1130320.6935871742,298341.1249756749,71.97094412029422
703.2371054969112,484.17934309142544,1126568.7975951903,298066.9643258994,71.6463873621915
702.7768066652626,483.9789569370081,1122816.9016032063,297791.65300773253,71.32282812910717
702.3144248835877,483.7780589724456,1119065.0056112225,297515.18788399576,71.00025915475804
701.8499542731346,483.5766461906904,1115313.1096192384,297237.5657497677,70.67867325588433
701.3833888286873,483.37471555665206,1111561.2136272544,296958.78333216073,70.35806333088696
700.9147224181371,483.1722640068409,1107809.3176352705,296678.8372900836,70.03842235850253
700.4439487820217,482.9692884490033,1104057.4216432865,296397.7242139859,69.71974339649655
699.9710615329623,482.7657857617374,1100305.5256513024,296115.44062555226,69.40201958039873
699.4960541553667,482.56175279416516,1096553.6296593186,295831.98297752434,69.08524412221828
699.0189200045991,482.3571863654923,1092801.7336673345,295547.34765326115,68.76941030925919
698.5396523065182,482.1520832646453,1089049.8376753507,295261.5309664785,68.45451150289712
698.0582441568536,481.9464402498764,1085297.9416833667,294974.52916090685,68.14054113740762
697.5746885205529,481.74025404836027,1081546.0456913826,294686.3384099337,67.82749271880809
697.0889782311,481.5335213557862,1077794.1496993988,294396.9548162317,67.51535982372796
696.6011059897758,481.32623883593686,1074042.2537074147,294106.3744113548,67.20413609830233
696.1110643650093,481.11840312028636,1070290.3577154307,293814.59315537877,66.89381525707023
695.6188457914773,480.91001080754506,1066538.4617234468,293521.6069364178,66.58439108192552
695.1244425693583,480.7010584632357,1062786.5657314628,293227.4115702131,66.27585742106085
694.6278468635026,480.49154261925185,1059034.669739479,292932.0027996802,65.96820818793918
694.1290507025298,480.2814597734001,1055282.773747495,292635.3762944197,65.66143736029152
693.6280459779423,480.0708063889451,1051530.8777555109,292337.5276502332,65.35553897912627
693.124824443181,479.85957889414016,1047778.9817635269,292038.452388609,65.05050714775906
692.6193777126507,479.64777368175254,1044027.085771543,291738.1459561939,64.7463360308623
692.1116972607159,479.43538710857973,1040275.189779559,291436.6037242464,64.44301985353228
691.6017744206631,479.22241549495703,1036523.2937875751,291133.8209880715,64.14055290036941
691.089600383625,479.00885512425793,1032771.3977955912,290829.792966439,63.83892951458232
690.5751661974753,478.7947022423843,1029019.5018036071,290524.5148009812,63.53814409710174
690.0584627656773,478.57995305724603,1025267.6058116232,290217.98155556846,63.2381911057141
689.5394808461145,478.3646037382364,1021515.7098196392,289910.1882156753,62.9390650542105
689.0182110498681,478.1486504156921,1017763.8138276553,289601.129687716,62.6407605115492
688.4946438399676,477.9320891803476,1014011.9178356712,289290.80079836794,62.3432721010353
687.9687695301053,477.7149160827785,1010260.0218436873,288979.1962938737,62.04659449951213
687.4405790250739,477.497127438449,1006508.1258517033,288666.311278658,61.7507228506055
686.9100609379209,477.27871863941067,1002756.2298597194,288352.13950778753,61.45565115230865
686.3772057919577,477.0596858870226,999004.3338677353,288036.6758762245,61.161374611528466
685.8420032909137,476.84002506585836,995252.4378757514,287719.91480168235,60.867888111936885
685.3044429822729,476.6197320174338,991500.5418837675,287401.850617701,60.57518658696
684.764514255765,476.3988025395908,987748.6458917835,287082.47757283,60.28326501905502
684.2222063418158,476.17723238586905,983996.7498997995,286761.78982978844,59.992118439001274
683.6775083099577,475.9550172648669,980244.8539078155,286439.781464606,59.70174192520147
683.1304090671946,475.7321528395885,976492.9579158316,286116.4464657371,59.41213060299392
682.580897356335,475.50863472678265,972741.0619238477,285791.77873315924,59.12327964398054
682.0289617542693,475.2844584962655,968989.1659318636,285465.7720774413,58.83518426536278
681.4745906702169,475.05961967023313,965237.2699398797,285138.4202187945,58.54783972928977
680.9177723439207,474.83411372256046,961485.3739478957,284809.71678609616,58.26124134221691
680.3584948438017,474.60793607808745,957733.4779559118,284479.6553158914,57.97538445427778
679.7967460650656,474.3810821118911,953981.5819639278,284148.2292513692,57.69026445866232
679.2325137277649,474.1535471485446,950229.6859719438,283815.43194131495,57.405876791008346
678.6657853748137,473.9253264613619,946477.7899799598,283481.2566390356,57.12221692880238
678.0965483699555,473.6964152716283,942725.8939879759,283145.69650126225,56.83928039078883
677.5247898956811,473.4668087478167,938973.997995992,282808.7445870237,56.55706273639261
676.9504969510956,473.2365020047866,935222.1020040079,282470.39385649335,56.27555956514507
676.373656349739,473.005490102971,931470.206012024,282130.6371698113,55.99476651612487
675.7942547173536,472.7737680475457,927718.31002004,281789.4672858772,55.71467926740463
675.2122784895953,472.54133078758184,923966.4140280561,281446.876861113,55.43529353550715
674.6277139096991,472.3081732151845,920214.518036072,281102.8584482018,55.15660507487114
674.0405470260823,472.0742901646113,916462.6220440881,280757.40449479147,54.87860967732256
673.4507636898954,471.83967641137525,912710.7260521041,280410.5073421716,54.60130317155678
672.8583495525195,471.60432667133136,908958.8300601202,280062.1592239211,54.32468142262924
672.2632900629999,471.3682355997423,905206.9340681362,279712.35226452013,54.048740331451555
671.6655704654239,471.13139779032736,901455.0380761522,279361.07847793476,53.773475834296185
671.0651757962372,470.8938077742914,897703.1420841683,279008.32976616535,53.49888390230939
670.4620908815007,470.65546001933564,893951.2460921843,278654.0979177645,53.22496054103066
669.8563003340813,470.4163489286474,890199.3501002003,278298.3746063196,52.95170178992104
669.2477885507819,470.1764688398695,886447.4541082163,277941.1513889007,52.67910372189471
668.6365397094013,469.93581402404925,882695.5581162324,277582.4197044733,52.407162442861896
668.0225377657312,469.69437868456583,878943.6621242485,277222.17087227444,52.135874091275625
667.4057664504813,469.45215695603537,875191.7661322645,276860.3960901519,51.86523483768643
666.7862092661381,469.2091429031939,871439.8701402805,276497.0864328665,51.595240884302065
666.1638494837472,468.9653305197566,867687.9741482965,276132.2328503534,51.3258884645544
665.5386701396247,468.72071372725486,863936.0781563126,275765.82616594544,51.05717384267418
664.9106540319948,468.4752863738471,860184.1821643286,275397.8570745558,50.78909331326847
664.2797837175472,468.229042233106,856432.2861723446,275028.31614081876,50.521643200905096
663.646041507921,467.98197500278025,852680.3901803606,274657.1937971879,50.25481985970496
663.0094094661,467.73407830352943,848928.4941883767,274284.48034199054,49.98861967293774
662.3698694027337,467.4853456776322,845176.5981963928,273910.16593743814,49.723039052622966
661.7274028723704,467.23577058766773,841424.7022044087,273534.2406075914,49.45807443913752
661.0819911696041,466.9853464151683,837672.8062124248,273156.6942362781,49.19372230082886
660.4336153251318,466.7340664592427,833920.9102204408,272777.5165649627,48.929979133631456
659.7822561017218,466.4819239351701,830169.0142284569,272396.69719056727,48.66684146068925
659.1278939900875,466.2289119729636,826417.1182364728,272014.2255632422,48.40430583198473
658.4705092046709,465.97502361590296,822665.2222444889,271630.0909840868,48.1423688239685
657.8100812938101,465.7202517333262,818913.326252505,271244.28242327453,47.88102706465116
657.1465907012349,465.46458936720455,815161.430260521,270856.78924703423,47.62027712963032
656.4800163757767,465.2080292002585,811409.534268537,270467.6001038185,47.36011569996127
655.8103373825979,464.9505639134999,807657.638276553,270076.7036746404,47.100539454382606
655.1375324879715,464.69218609336735,803905.7422845691,269684.08847923775,46.84154509633096
654.4615801544379,464.4328882300533,800153.8462925851,269289.74287345656,46.583129353599006
653.7824585358451,464.17266271579126,796401.9503006012,268893.6550465692,46.325288977998795
653.100145472273,463.91150184310413,792650.0543086171,268495.8130185304,46.06802074502524
652.4146184848365,463.6493978030153,788898.1583166332,268096.2046371705,45.81132145353148
651.725854770369,463.3863426832149,785146.2623246493,267694.8175753186,45.55518792539733
651.0338311959769,463.1223284661877,781394.3663326653,267291.63932786096,45.29961700520995
650.3385242934625,462.8573470272943,777642.4703406813,266886.6572087251,45.04460555994328
649.6399102536219,462.59139013281134,773890.5743486973,266479.8583477968,44.790150478643255
648.9379649203943,462.3244494379223,770138.6783567134,266071.22968775744,44.53624867211411
648.2326637848827,462.0565164846648,766386.7823647294,265660.7579808512,44.282897072610325
647.5239819792175,461.78758269982563,762634.8863727454,265248.4297855664,44.03009263352868
646.8118942702846,461.5176393927895,758882.9903807614,264834.2314632445,43.777832329106175
646.096375053289,461.246677753334,755131.0943887775,264418.1491745996,43.52611315411875
645.3773983451683,460.97468884937314,751379.1983967936,264000.1688761568,43.274932123584435
644.6549377778426,460.70166362464494,747627.3024048095,263580.2763166002,43.024286272465595
643.9289665912949,460.42759289634495,743875.4064128256,263158.4570330327,42.77417265537915
643.199457626487,460.15246735270057,740123.5104208416,262734.696347142,42.52458834630372
642.4663833180899,459.87627755048607,736371.6144288577,262308.97936127026,42.27553043829255
641.7297156870414,459.5990139124773,732619.7184368736,261881.29095438684,42.026996043187395
640.98942633291,459.32066672484154,728867.8224448897,261451.6157779577,41.778982291333186
640.2454864260704,459.0412261344643,725115.9264529058,261019.93825171198,41.53148633129711
639.4978666996767,458.76068214620676,721364.0304609218,260586.24255929972,41.284505329586594
638.746537441434,458.47902462009574,717612.1344689379,260150.5126438386,41.03803647037124
637.9914684851578,458.19624326844075,713860.2384769538,259712.73220334604,40.792076955203605
637.232629202114,457.91232765287845,710108.3424849699,259272.88468605405,40.5466240027437
636.4699884921363,457.6272671813396,706356.4464929859,258830.95328559986,40.30167484848265
635.7035147745114,457.3410511049389,702604.550501002,258386.92093609355,40.05722674446793
634.9331772234534,457.05366897895556,698852.654509018,257940.77102791317,39.813277351848065
634.1589409684188,456.7651088729144,695100.758517034,257492.484628425,39.56982322584293
633.3807740136796,456.4753599524576,691348.8625250501,257042.04448996962,39.326862010760706
632.5986427643679,456.18441081014953,687596.9665330661,256589.43245889686,39.08439102321928
631.8125130963211,455.8922498651173,683845.0705410821,256134.63009565367,38.84240759516631
631.0223503454815,455.5988653594369,680093.1745490981,255677.61866904653,38.60090907362318
630.2281192970252,455.3042453544249,676341.2785571142,255218.37915035445,38.359892820429025
629.4297841741869,455.0083777268293,672589.3825651302,254756.89220727928,38.11935621198755
628.6273086267959,454.71125016491936,668837.4865731462,254293.13819773737,37.87929663901213
627.8206557194998,454.41285016447097,665085.5905811623,253827.09716348277,37.63971150627564
627.0097879196649,454.1131650246406,661333.6945891783,253358.74882355428,37.40059823235793
626.1946670849532,453.812181843729,657581.7985971944,252888.07256754703,37.16195424939546
625.3752544505559,453.50988751482816,653829.9026052103,252415.0474486975,36.92377700283222
624.5515106160757,453.2062687213477,650078.0066132264,251939.6521767776,36.686063951170276
623.723395532045,452.90131193241695,646326.1106212424,251461.86511079056,36.448812565720914
622.8908684860728,452.59500339815986,642574.2146292585,250981.66425146634,36.21202033035661
622.0538880885998,452.28732914483663,638822.3186372746,250499.02723354218,35.97568474126449
621.2124122582538,451.9782749698473,635070.4226452905,250013.93131782778,35.739803306696594
620.3663982067936,451.6678264365951,631318.5266533066,249526.35338304497,35.504373546724416
619.5158024236185,451.3559688692014,627566.6306613226,249036.26991743306,35.26939299299122
618.6605806598451,451.04268734707057,623814.7346693387,248543.65701011702,35.03485918846425
617.8006879119122,450.72796669929534,620062.8386773546,248048.4903422209,34.800769687187746
616.936078404723,450.4117914989012,616310.9426853707,247550.74517772763,34.567122054035
616.0667055742915,450.09414605692194,612559.0466933867,247050.39635407078,34.33391386446104
615.1925220498798,449.7750144162999,608807.1507014028,246547.41827244867,34.101142704253526
614.3134796356135,449.4543803456063,605055.2547094187,246041.78488785416,33.86880616928396
613.4295292915501,449.1322273325745,601303.3587174348,245533.46969880714,33.63690186525846
612.5406211141812,448.8085385774375,597551.4627254509,245022.44573677902,33.405427407466796
611.6467043163568,448.48329698606716,593799.5667334669,244508.68555530216,33.17438042053179
610.7477272065955,448.1564851629018,590047.6707414829,243992.16121874572,32.94375853815644
609.8436371677739,447.8280854036598,586295.7747494989,243472.84429075217,32.7135594028715
608.9343806351621,447.49807968782784,582543.878757515,242950.70582231964,32.48378066577933
608.0199030737859,447.1664496709171,578791.982765531,242425.71633951517,32.254419986299986
607.100148955089,446.8331766764775,575040.086773547,241897.84583080863,32.02547503191227
606.1750617328673,446.49824168786193,571288.190781563,241367.06373400992,31.796943477896072
605.2445838184536,446.1616253397298,567536.2947895791,240833.33892279564,31.568823007070375
604.3086565551163,445.82330790928035,563784.3987975952,240296.63969281016,31.341111309531204
603.3672201916535,445.48326930720754,560032.5028056112,239756.9337473265,31.113806082388386
602.4202138551344,445.14148906836004,556280.6068136272,239214.1881824428,30.886905029497225
601.4675755227773,444.79794634210174,552528.7108216432,238668.36947180724,30.660405861190476
600.5092419929074,444.45261988235575,548776.8148296593,238119.4434508439,30.434306294008255
599.5451488549788,444.10548803732155,545024.9188376754,237567.37530046375,30.208604050422654
598.575230458611,443.75652873885286,541273.0228456913,237012.12953024244,29.983296858562966
597.5994198816048,443.40571949148114,537521.1268537074,236453.6699610391,29.758382451937045
596.617648896898,443.0530373610705,533769.2308617234,235891.95970703595,29.533858569148585
595.6298479384196,442.6984589630916,530017.3348697395,235326.96115717912,29.309722953613807
594.6359460657943,442.3419604504958,526265.4388777554,234758.6359559902,29.08597335327386
593.6358709278513,441.98351750117394,522513.5428857715,234186.94498372523,28.86260752030375
592.6295487248965,441.6231053049855,518761.64689378755,233611.84833585878,28.639623210819202
591.6169041696844,441.2606985503362,515009.75090180355,233033.30530185884,28.41701818458033
590.5978604470491,440.89627141028797,511257.8549098196,232451.27434322718,28.194790204691103
589.5723391721306,440.5297975281813,507505.9589178356,231865.71307077492,27.97293703729723
588.540260347141,440.16125000274764,503754.0629258517,231276.57822109788,27.751456451278216
587.5015423166141,439.7906013726955,500002.1669338677,230683.8256322261,27.5303462179408
586.4561017210623,439.4178236007393,496250.27094188373,230087.41021840012,27.30960411070451
585.4038534489913,439.04288805705687,492498.37494989973,229487.28594395163,27.089227904788363
584.3447105871901,438.6657655021438,488746.4789579158,228883.4057962396,26.869215376892573
583.2785843692305,438.286426069044,484994.5829659318,228275.7217576096,26.649564304879785
582.2053841220918,437.9048392449246,481242.68697394786,227664.18477632577,26.430272467453324
581.1250172108469,437.520973851973,477490.7909819639,227048.744736444,26.21133764383523
580.0373866803313,437.134797210874,473738.8949899799,226429.34911637544,25.992757152940662
578.9423994147535,436.7462781029216,469986.998997996,225805.94770359274,25.774529615703553
577.83995567734,436.35538279086876,466235.103006012,225178.48636587377,25.556652398088517
576.7299538159637,435.96207709894287,462483.20701402804,224546.9101525646,25.339123288877257
575.6122904590475,435.5663262037716,458731.31102204404,223911.1631210201,25.121940061112387
574.4868598909587,435.168094484791,454979.4150300601,223271.18805604053,24.905100485735776
573.353553979708,434.76734549919166,451227.5190380761,222626.92643043367,24.68860233116292
572.2122621017897,434.3640419558624,447475.62304609217,221978.3183640124,24.472443362847667
571.0628710640226,433.95814568827967,443723.72705410817,221325.30258094578,24.256621342835494
569.9052650222501,433.5496176262926,439971.8310621242,220667.81636538726,24.041134029304423
568.7393253967399,433.13841776674803,436219.9350701402,220005.79551529366,23.825979176094588
567.564930784124,432.72450514289704,432468.0390781563,219339.17429434383,23.611154532224322
566.3819568657021,432.30783779252164,428716.1430861723,218667.88538186162,23.396657841392315
565.1902763119328,431.8883727247178,424964.24709418835,217991.8598206469,23.182486841466858
563.9897586829055,431.46606588526106,421212.35110220435,217311.02696259695,22.96863926395755
562.7802703246037,431.04087212048836,417460.4551102204,216625.31441201796,22.755112833474826
561.561674260724,430.6127451396094,413708.5591182364,215934.64796649257,22.541905267169128
560.3338300798342,430.18163747537346,409956.6631262525,215238.95155518796,22.329014274156094
559.0965938176184,429.74750044299753,406204.7671342685,214538.14717445962,22.11643755492109
557.8498178339369,429.31028409726224,402452.87114228454,213832.15482060652,21.904172800705453
556.5933506844473,428.86993718768167,398700.9751503006,213120.89241963235,21.69221769287256
555.3270369864673,428.42640711163386,394949.0791583166,212404.27575383877,21.4805699022523
554.0507172787776,427.97963986534387,391197.18316633266,211682.21838508328,21.269227088463314
552.7642278750204,427.5295799925959,387445.28717434866,210954.6315745107,21.058186899211297
551.467400710352,427.0761705310502,383693.3911823647,210221.4241985691,20.84744696956273
550.1600631809468,426.6193529560216,379941.4951903807,209482.50266108685,20.6370049211914
548.8420379759631,426.1590671215796,376189.5991983968,208737.77080119617,20.42685836159804
547.5131429015274,425.69525119880933,372437.7032064128,207987.12979685597,20.217004883300053
546.1731906962782,425.2278416110678,368685.80721442885,207230.47806371955,20.00744206298942
544.8219888379675,424.7567729660564,364933.91122244485,206467.7111490702,19.798167460658593
543.4593393405929,424.28197798451725,361182.0152304609,205698.72162052983,19.589178618690443
542.08503854149,423.80338742534866,357430.1192384769,204923.39894922645,19.3804730609112
540.6988768777738,423.3209300069188,353678.22324649297,204141.6293870791,19.172048291603637
539.3006386514774,422.8345323243413,349926.327254509,203353.29583783928,18.963901794478442
537.8901017826867,422.3441187624585,346174.43126252503,202558.27772149694,18.756031031599736
536.4670375499081,421.84961140425867,342422.53527054103,201756.45083163175,18.548433442263484
535.0312103168734,421.35092993443396,338670.6392785571,200947.68718525895,18.34110644182353
533.5823772448942,420.84799153776237,334918.7432865731,200131.8548646843,18.134047420463954
532.1202879898364,420.3407107919718,331166.84729458916,199308.81785084392,17.92725374191168
530.6446843826947,419.82899955471873,327414.95130260516,198478.43584756542,17.72072274208637
529.1553000926806,419.31276684428383,323663.0553106212,197640.5640961404,17.51445172768252
527.6518602716435,418.7919187135567,319911.1593186373,196795.05317955517,17.30843797467949
526.1340811785444,418.266358116843,316159.2633266533,195941.7488156615,17.102678726773004
524.6016697826176,417.73598476899485,312407.36733466934,195080.49163852748,16.89717119372341
523.0543233437188,417.2006949963194,308655.47134268534,194211.11696713103,16.691912549614344
521.4917337551589,416.66038323350983,304903.5753507014,193333.45724873018,16.486900555593238
519.9135691800204,416.1149356695776,301151.6793587174,192447.3317497749,16.282131214515342
518.3194988222186,415.56423880835666,297399.78336673346,191552.56047438938,16.07760208767078
516.7091764636236,415.0081737695006,293647.88737474947,190648.95492183336,15.873310194686647
515.0822436899208,414.4466173980122,289895.9913827655,189736.3199039466,15.669252510683759
513.4383292978049,413.8794420524712,286144.0953907815,188814.45321760545,15.465425964081168
511.77704866516024,413.30651537982254,282392.1993987976,187883.14529657303,15.261827434282422
510.0980030813917,412.7277000756848,278640.3034068136,186942.1788411563,15.058453749239955
508.4007790348123,412.1428536290341,274888.40741482965,185991.3284239309,14.855301682885319
506.6849474537061,411.55182805001664,271136.51142284565,185030.36006963707,14.652367952416782
504.95006289737245,410.9544695795265,267384.6154308617,184059.03080717253,14.449649215435981
503.1956626930959,410.3506183790463,263632.7194388777,183077.08819140127,14.24714206692009
501.4212660146108,409.74010819910967,259880.82344689377,182084.26979228764,14.0448430360184
499.6263721345935,409.1227658534428,256128.9274549098,181080.3023366176,13.842748591061955
497.8104625516352,408.4984115528886,252377.03146292584,180064.90242493982,13.640855100807977
495.97299487816184,407.8668573795645,248625.13547094187,179037.77386478326,13.439158885946332
494.11340510863363,407.2279076304045,244873.2394789579,177998.60842301697,13.237656176270033
492.23110540994554,406.58135814295497,241121.34348697393,176947.0847308488,13.036343116600305
490.32548272743657,405.92699579044535,237369.44749498996,175882.86750849645,12.835215762212298
488.39589728588237,405.2645979381616,233617.551503006,174805.60673095068,12.63427007396486
486.441680975757,404.59393185748434,229865.65551102202,173714.93672933188,12.433501913109627
484.46213561393466,403.9147540935381,226113.75951903805,172610.47522171738,12.232907035753861
482.4565310668164,403.22680978194086,222361.86352705408,171491.82226663062,12.032481086945857
480.4241032224742,402.5298319096185,218609.9675350701,170358.55913159446,11.832219594352296
478.36405179684925,401.82354051405343,214858.07154308615,169210.2470682612,11.63211796149108
476.2755379572812,401.1076418146643,211106.17555110218,168046.42598462137,11.432171460479921
474.157681744613,400.38182726923947,207354.2795591182,166866.61300363604,11.232375224257378
472.00955927283024,399.645772547471,203602.38356713424,165670.3008963269,11.032724238228413
469.8301996825563,398.8991364126213,199850.4875751503,164456.95637583834,10.833213331278818
467.6185818217111,398.14155950120414,196098.59158316633,163226.01823727033,10.633837166100527
465.3736306231795,397.37266298922106,192346.69559118236,161976.89532607593,10.434590228758804
463.09421314534006,396.59204713196266,188594.7995991984,160708.9643155327,10.235466817427442
460.77913423669526,395.7992896625978,184842.90360721442,159421.56727113316,10.036461030206155
458.42713178049826,394.9939440327112,181091.00761523045,158114.00897666605,9.837566751925877
456.0368714690692,394.1755374755429,177339.11162324648,156785.55399317443,9.638777639833886
453.6069410502652,393.343568869876,173587.21563126252,155435.4234178032,9.440087108036394
451.13584398009397,392.4975063792297,169835.31963927855,154062.79130465188,9.241488310561282
448.6219924055947,391.6367848371555,166083.42364729458,152666.78070402102,9.04297412288231
446.06369939038797,390.76080284487034,162331.5276553106,151246.4592696619,8.844537121724652
443.4591702816558,389.86891954210836,158579.63166332664,149800.83437570313,8.646169562952013
440.8064931008009,388.96045100560644,154827.73567134267,148328.8476753369,8.447863357289165
438.1036278209578,388.0346662221248,151075.8396793587,146829.3690222358,8.249610043624404
435.3483943711391,387.09078257369674,147323.94368737473,145301.18966203704,8.051400759574769
432.5384591792365,386.12796076190216,143572.04769539076,143743.01458513044,7.8532262089620515
429.67132003265294,385.1452990847194,139820.1517034068,142153.45391242972,7.6550766257880625
426.74428775837845,384.1418266902452,136068.25571142283,140531.0126871719,7.456941740857366
423.7544722223739,383.1164974113354,132316.35971943886,138874.0818931555,7.258810708597728
420.6987516803908,382.06817948295327,128564.4637274549,137180.9225663289,7.0606721043093446
417.57375407383546,380.9956473853445,124812.56773547093,135449.65390627703,6.862513834135959
414.37582665316916,379.89757049839943,121060.67174348696,133678.23619486333,6.66432308227152
411.1010030913509,378.77250047892653,117308.775751503,131864.45191844492,6.4660862407166615
407.74496555745276,377.61885666155877,113556.87975951903,130005.88396002496,6.267788829929975
404.3030007832537,376.43490909673994,109804.98376753506,128099.89029237405,6.069415408825466
400.7699489311089,375.21875874788645,106053.08777555109,126143.57446956972,5.870949472301597
397.140143782105,373.96831425185417,102301.19178356712,124133.75104198506,5.672373334003593
393.4073423938269,372.6812644953593,98549.29579158316,122066.9047987716,5.47366799158044
389.5646418944913,371.3550460616801,94797.3997995992,119939.14245280052,5.274812971000254
385.6043804492961,369.98680434153994,91045.50380761523,117746.13500401376,5.0757861456893005
381.518018599205,368.573346755742,87293.60781563126,115483.04851376356,4.876563525204474
377.2959960548849,367.1110860719169,83541.71182364729,113144.46034754357,4.677119006795022
372.9275575162929,365.5959711653283,79789.81583166332,110724.25702703201,4.477424081431301
368.4005390165359,364.0234017030304,76037.91983967935,108215.50857256904,4.2774474835151715
363.70110341082307,362.3881220152107,72286.02384769538,105610.31246126698,4.077154770282376
358.81340859541484,360.684087482791,68534.12785571141,102899.59748849877,3.876507815114027
353.7191938226504,358.90429593490336,64782.23186372745,100072.87698649068,3.675464172762925
348.39723562842636,357.0405674073168,61030.33587174348,97117.92646556237,3.47397633322121
342.8226247347868,355.0832481481882,57278.43987975951,94020.35060012761,3.271989502609688
336.96600866147503,353.02088835091547,53526.543887775544,90763.12111798486,3.0694461245735125
330.792077774905,350.8396308327103,49774.64789579158,87325.67601305818,2.866274110579158
324.2581187828811,348.5225887792414,46022.75190380761,83683.0290729632,2.662393226889055
317.31158884637296,346.0488257109887,42270.855911823644,79804.29240327436,2.457709557130351
309.88674515291007,343.3919172591243,38518.959919839675,75650.60448930872,2.2521118523437464
301.89970236352207,340.51781722768544,34767.06392785571,71172.0673692201,2.0454674950437157
293.24057725708764,337.38144749018574,31015.16793587174,66302.85625923492,1.837609880743035
283.7616382796818,333.92143038929686,27263.271943887772,60953.726450202535,1.6283374039418586
273.25610746418545,330.05062342223977,23511.375951903807,54998.54742182538,1.4173842179733813
261.4215805026175,325.6393480654019,19759.479959919838,48250.63578173335,1.2044090359506066
247.78463749587974,320.48037339528946,16007.58396793587,40413.45982124979,0.9889178433624564
231.53658590465773,314.21013780822454,12255.687975951903,30970.66120482867,0.7701892352317873
211.0877407473941,306.08771177269455,8503.791983967934,18879.73153274031,0.5470333551983378
182.42509697854928,294.1348797800814,4751.895991983967,1393.6872427596784,0.3171140991725797
125.43845487351597,266.94558763980655,1000.0,-36905.031359046065,0.07326197817050524
